Title,Author,Date
[LIVE] ENA 夜限照相館 EP11,kawasau,4/16
[情報] 鄭麗媛、魏嘏雋主演《畢業》預告,XOD,4/16
[心得] 美好世界（雷）,fishgift,4/16
[閒聊] 淚之女王 劇情猜測 關於病情,mooneyess,4/17
Re: [閒聊] 淚之女王 劇情猜測 關於病情,erric,4/17
(本文已被刪除) [mooneyess],-,4/17
[閒聊] 韓網熱議/金秀賢收視率跟角色財產成正比,mininakai,4/17
[情報] 曹政奭電影《Pilot》韓國7/31上映,jinyi,4/17
[LIVE] 支配物種 Ep.03-04,Gardenia0603,4/17
[心得] 車貞淑醫生 意外不錯看,b8827025,4/17
[新聞] Coupang Play 公布今年陣容,yihsuan1122,4/17
[心得] 淚之女王默默鋪陳的洪家人(雷),l89,4/17
[公告] 韓劇板板規 Ver.16 (21/03/31修訂),XDDDD555,10/06
[情報] 播出中韓劇與跟播平台 ＆ LIVE 文認領區,watase124,12/01
[置底] 韓劇「求、推薦區」,XDDDD555,8/31
[置底] 4月難以發文討論之「閒聊區」,will83tw1,4/02
